{
  "train_acc": [
    0.06388888888888888,
    0.30277777777777776,
    0.6236111111111111,
    0.8347222222222223,
    0.9305555555555556,
    0.9694444444444444,
    0.9722222222222222,
    0.9805555555555555,
    0.9875,
    0.9944444444444445,
    0.9958333333333333,
    0.9958333333333333,
    0.9930555555555556,
    0.9958333333333333,
    0.9958333333333333,
    0.9972222222222222,
    0.9958333333333333,
    0.9986111111111111,
    0.9986111111111111,
    0.9986111111111111,
    0.9972222222222222,
    0.9972222222222222,
    0.9986111111111111,
    0.9944444444444445,
    1.0
  ],
  "val_acc": [
    0.1111111111111111,
    0.37777777777777777,
    0.8333333333333334,
    0.9666666666666667,
    0.9,
    0.9333333333333333,
    0.8888888888888888,
    0.9222222222222223,
    0.9666666666666667,
    0.9777777777777777,
    0.9555555555555556,
    0.9666666666666667,
    0.9666666666666667,
    0.9777777777777777,
    0.9888888888888889,
    0.9777777777777777,
    0.9777777777777777,
    0.9666666666666667,
    0.9777777777777777,
    0.9777777777777777,
    0.9888888888888889,
    0.9888888888888889,
    0.9888888888888889,
    0.9888888888888889,
    0.9888888888888889
  ],
  "test_acc": [
    0.08888888888888889,
    0.4,
    0.7777777777777778,
    0.8777777777777778,
    0.8555555555555555,
    0.8666666666666667,
    0.8888888888888888,
    0.9444444444444444,
    0.9777777777777777,
    0.9777777777777777,
    0.9666666666666667,
    0.9777777777777777,
    0.9888888888888889,
    0.9777777777777777,
    0.9777777777777777,
    0.9777777777777777,
    0.9777777777777777,
    0.9888888888888889,
    0.9888888888888889,
    0.9888888888888889,
    0.9888888888888889,
    0.9777777777777777,
    0.9777777777777777,
    0.9888888888888889,
    0.9777777777777777
  ],
  "epoch_times": [
    28.830360889434814,
    26.314353466033936,
    22.65542507171631,
    23.039272785186768,
    22.89337944984436,
    22.139174699783325,
    23.50073742866516,
    24.35449504852295,
    24.362231254577637,
    22.961114406585693,
    23.334266901016235,
    22.91462469100952,
    21.25454831123352,
    20.971514463424683,
    21.16996479034424,
    21.36058497428894,
    21.34707283973694,
    21.464407682418823,
    22.139135360717773,
    21.43553590774536,
    21.242379188537598,
    21.30914878845215,
    21.21959662437439,
    21.42201018333435,
    21.349490642547607
  ]
}