{
  "train_acc": [
    0.0625,
    0.4888888888888889,
    0.7361111111111112,
    0.9069444444444444,
    0.975,
    0.9944444444444445,
    0.9958333333333333,
    0.9944444444444445,
    0.9972222222222222,
    1.0,
    1.0,
    1.0,
    1.0,
    1.0,
    1.0,
    1.0,
    1.0,
    1.0,
    1.0,
    1.0
  ],
  "val_acc": [
    0.3111111111111111,
    0.4111111111111111,
    0.7777777777777778,
    0.8333333333333334,
    0.9,
    0.9555555555555556,
    0.9111111111111111,
    0.9444444444444444,
    0.9333333333333333,
    0.9444444444444444,
    0.9666666666666667,
    0.9666666666666667,
    0.9555555555555556,
    0.9666666666666667,
    0.9555555555555556,
    0.9666666666666667,
    0.9666666666666667,
    0.9777777777777777,
    0.9555555555555556,
    0.9777777777777777
  ],
  "test_acc": [
    0.26666666666666666,
    0.4777777777777778,
    0.7444444444444445,
    0.8555555555555555,
    0.9111111111111111,
    0.9333333333333333,
    0.9333333333333333,
    0.9333333333333333,
    0.9333333333333333,
    0.9333333333333333,
    0.9333333333333333,
    0.9222222222222223,
    0.9444444444444444,
    0.9444444444444444,
    0.9666666666666667,
    0.9666666666666667,
    0.9555555555555556,
    0.9444444444444444,
    0.9555555555555556,
    0.9666666666666667
  ],
  "epoch_times": [
    21.020214796066284,
    21.103601694107056,
    21.278735876083374,
    21.362248420715332,
    23.348157167434692,
    21.678791999816895,
    21.372414588928223,
    21.191554307937622,
    21.032252311706543,
    20.850321292877197,
    20.924558639526367,
    20.93239402770996,
    22.468918561935425,
    21.36367678642273,
    21.79895043373108,
    22.21080183982849,
    20.96906042098999,
    20.89598822593689,
    20.987545490264893,
    21.0785014629364
  ]
}